{"cameraMode":{"drawMode":0,"name":"Shaded","section":"Shading Mode"},"sceneLighting":true,"audioPlay":false,"sceneViewState":{"showFog":true,"showMaterialUpdate":false,"showSkybox":true,"showFlares":true,"showImageEffects":true,"showParticleSystems":true},"in2DMode":false,"pivot":{"x":3.75500750541687,"y":0.32630443572998049,"z":0.4390411376953125},"rotation":{"x":0.03956233710050583,"y":0.9170921444892883,"z":-0.3853748142719269,"w":0.09414809197187424},"size":5.368124485015869,"orthographic":false}